,Code,Sector,Sector33CodeName
0,1332,食品1,
1,1333,食品1,
2,1377,食品1,
3,1379,食品運搬・販売,
4,1414,土木・道路,
5,1417,インフラ整備,
6,1419,不動産,
7,1435,ｒｏｂｏｔ　ｈｏｍｅ,
8,1515,非鉄金属,
9,1518,三井系,
10,1605,石油,
11,1662,石油,
12,1719,ゼネコン,
13,1720,中堅ゼネコン・設計,
14,1721,インフラ整備,
15,1762,中堅ゼネコン・設計,
16,1766,住宅,
17,1801,ゼネコン,
18,1802,ゼネコン,
19,1803,ゼネコン,
20,1805,中堅ゼネコン・設計,
21,1808,住宅,
22,1812,ゼネコン,
23,1813,土木・道路,
24,1815,中堅ゼネコン・設計,
25,1820,ゼネコン,
26,1821,中堅ゼネコン・設計,
27,1822,土木・道路,
28,1833,中堅ゼネコン・設計,
29,1835,ゼネコン,
30,1852,中堅ゼネコン・設計,
31,1860,ゼネコン,
32,1861,中堅ゼネコン・設計,
33,1878,住宅,
34,1884,土木・道路,
35,1885,土木・道路,
36,1888,中堅ゼネコン・設計,
37,1890,土木・道路,
38,1893,土木・道路,
39,1898,中堅ゼネコン・設計,
40,1899,中堅ゼネコン・設計,
41,1911,住宅,
42,1925,住宅,
43,1926,土木・道路,
44,1928,住宅,
45,1934,インフラ整備,
46,1941,インフラ整備,
47,1942,インフラ整備,
48,1944,インフラ整備,
49,1945,インフラ整備,
50,1950,インフラ整備,
51,1951,インフラ整備,
52,1959,インフラ整備,
53,1961,インフラ整備,
54,1963,重機・重工,
55,1968,インフラ整備,
56,1969,インフラ整備,
57,1973,インフラ整備,
58,1979,インフラ整備,
59,2001,食品2,
60,2002,食品1,
61,2004,食品1,
62,2060,フィード・ワン,
63,2109,食品1,
64,2120,その他レジャー,
65,2121,PC・ソシャゲ,
66,2124,その他サービス,
67,2127,ITサービス,
68,2146,ITソリューション,
69,2154,SIer,
70,2157,その他レジャー,
71,2168,人材・web,
72,2170,ITソリューション,
73,2175,ITサービス,
74,2181,人材・web,
75,2193,ITサービス,
76,2201,食品1,
77,2206,食品1,
78,2212,食品1,
79,2220,食品2,
80,2222,その他レジャー,
81,2229,食品1,
82,2264,食品1,
83,2267,食品1,
84,2269,食品1,
85,2270,食品1,
86,2281,食品2,
87,2282,食品1,
88,2292,食品1,
89,2296,伊藤ハム米久ホールディングス,
90,2317,ITソリューション,
91,2326,ITソリューション,
92,2327,ソフトウェア,
93,2331,食品1,
94,2337,不動産,
95,2353,日本駐車場開発,
96,2371,ITサービス,
97,2379,人材・web,
98,2384,物流,
99,2389,デジタルホールディングス,
100,2395,製薬,
101,2413,ITサービス,
102,2432,PC・ソシャゲ,
103,2433,印刷・広告,
104,2440,外食1,
105,2461,ファンコミュニケーションズ,
106,2471,ITソリューション,
107,2475,ＷＤＢホールディングス,
108,2491,ITソリューション,
109,2492,ITサービス,
110,2501,飲料,
111,2502,飲料,
112,2503,飲料,
113,2531,印刷・広告,
114,2579,飲料,
115,2587,飲料,
116,2590,食品2,
117,2593,食品2,
118,2594,食品運搬・販売,
119,2602,食品2,
120,2607,食品1,
121,2651,コンビニ,
122,2659,スーパー,
123,2664,ドラッグストア,
124,2670,小売,
125,2678,小売,
126,2681,小売,
127,2685,アパレル2,
128,2695,外食1,
129,2726,アパレル2,
130,2730,家電量販店,
131,2733,小売,
132,2752,外食2・学習塾,
133,2760,半導体1,
134,2767,OA機器・時計,
135,2768,商社,
136,2784,医薬品卸,
137,2791,スーパー,
138,2792,外食2・学習塾,
139,2801,食品1,
140,2802,食品1,
141,2809,食品1,
142,2810,食品1,
143,2811,食品2,
144,2815,食品1,
145,2871,食品1,
146,2874,食品運搬・販売,
147,2875,食品1,
148,2897,食品1,
149,2908,食品2,
150,2910,食品運搬・販売,
151,2914,遊戯機器,
152,2915,食品2,
153,2918,食品2,
154,2929,ITソリューション,
155,2930,北の達人コーポレーション,
156,2931,外食2・学習塾,
157,3001,片倉工業,
158,3002,アパレル1,
159,3003,不動産,
160,3028,小売2,
161,3031,ITソリューション,
162,3034,調剤薬局,
163,3036,商社,
164,3038,スーパー,
165,3046,小売,
166,3048,家電量販店,
167,3050,ホームセンター,
168,3053,外食1,
169,3064,衛生,
170,3076,中堅ゼネコン・設計,
171,3086,百貨店,
172,3087,外食1,
173,3088,ドラッグストア,
174,3091,外食1,
175,3092,衛生,
176,3097,外食1,
177,3099,百貨店,
178,3101,繊維,
179,3103,繊維,
180,3104,中堅ゼネコン・設計,
181,3105,機械部品1,
182,3106,倉敷紡績,
183,3107,ダイワボウホールディングス,
184,3110,印刷・広告,
185,3116,トヨタ系他,
186,3132,マクニカホールディングス,
187,3139,ラクト・ジャパン,
188,3141,ドラッグストア,
189,3148,スーパー,
190,3156,レスターホールディングス,
191,3167,ＴＯＫＡＩホールディングス,
192,3182,ITソリューション,
193,3186,外食2・学習塾,
194,3191,ホームセンター,
195,3197,外食2・学習塾,
196,3201,日本毛織,
197,3222,スーパー,
198,3231,不動産,
199,3254,不動産,
200,3284,中堅ゼネコン・設計,
201,3288,住宅,
202,3289,不動産,
203,3291,住宅,
204,3302,食品運搬・販売,
205,3328,ヘルスケア,
206,3333,小売,
207,3341,調剤薬局,
208,3349,ドラッグストア,
209,3360,食品2,
210,3371,その他サービス,
211,3382,コンビニ,
212,3387,外食1,
213,3391,ドラッグストア,
214,3395,外食1,
215,3397,外食1,
216,3401,樹脂・セメント,
217,3402,繊維,
218,3405,樹脂・セメント,
219,3407,総合化学,
220,3433,中堅化学,
221,3436,半導体1,
222,3443,中堅ゼネコン・設計,
223,3445,半導体1,
224,3465,住宅,
225,3539,ＪＭホールディングス,
226,3543,コメダホールディングス,
227,3549,クスリのアオキホールディングス,
228,3569,中堅化学,
229,3591,アパレル1,
230,3593,中堅製薬,
231,3608,アパレル1,
232,3626,ソフトウェア,
233,3632,PC・ソシャゲ,
234,3635,ゲーム,
235,3636,三菱総合研究所,
236,3655,ITソリューション,
237,3656,ゲーム,
238,3657,ITソリューション,
239,3659,人材・web,
240,3660,アパレル2,
241,3661,ITソリューション,
242,3662,PC・ソシャゲ,
243,3665,ITソリューション,
244,3668,PC・ソシャゲ,
245,3673,ITソリューション,
246,3678,ITソリューション,
247,3679,ITソリューション,
248,3681,ITソリューション,
249,3687,フィックスターズ,
250,3694,ITサービス,
251,3697,ITサービス,
252,3708,食品運搬・販売,
253,3738,インフラ整備,
254,3762,ITソリューション,
255,3765,PC・ソシャゲ,
256,3769,ITサービス,
257,3774,ITサービス,
258,3788,ソフトウェア,
259,3817,ＳＲＡホールディングス,
260,3836,アバントグループ,
261,3844,ITソリューション,
262,3861,製紙,
263,3863,製紙,
264,3865,製紙,
265,3880,製紙,
266,3901,マークラインズ,
267,3902,ITソリューション,
268,3903,PC・ソシャゲ,
269,3923,ITサービス,
270,3926,国内観光,
271,3932,アカツキ,
272,3941,製紙,
273,3962,チェンジホールディングス,
274,4004,総合化学,
275,4005,総合化学,
276,4008,中堅化学,
277,4021,樹脂等,
278,4023,中堅化学,
279,4025,多木化学,
280,4028,中堅化学,
281,4041,中堅化学,
282,4042,総合化学,
283,4043,総合化学,
284,4044,樹脂・セメント,
285,4045,油脂・ポリマー,
286,4046,大阪ソーダ,
287,4047,中堅化学,
288,4061,樹脂・セメント,
289,4062,電子部品,
290,4063,半導体1,
291,4078,堺化学工業,
292,4082,第一稀元素化学工業,
293,4088,塗料・酸素,
294,4091,塗料・酸素,
295,4092,樹脂・セメント,
296,4095,油脂・ポリマー,
297,4109,ステラ　ケミファ,
298,4112,中堅化学,
299,4114,中堅化学,
300,4118,樹脂・セメント,
301,4151,製薬,
302,4182,総合化学,
303,4183,総合化学,
304,4186,半導体1,
305,4187,中堅化学,
306,4188,総合化学,
307,4189,ＫＨネオケム,
308,4202,樹脂・セメント,
309,4203,樹脂等,
310,4204,住宅,
311,4205,塗料・酸素,
312,4206,インフラ整備,
313,4208,総合化学,
314,4216,中堅化学,
315,4246,樹脂・セメント,
316,4272,樹脂等,
317,4290,ソフトウェア,
318,4301,アミューズ,
319,4307,ITサービス,
320,4324,印刷・広告,
321,4326,食品運搬・販売,
322,4344,ITソリューション,
323,4368,扶桑化学工業,
324,4369,半導体1,
325,4401,中堅化学,
326,4403,油脂・ポリマー,
327,4452,衛生,
328,4461,第一工業製薬,
329,4471,中堅化学,
330,4502,製薬,
331,4503,製薬,
332,4506,製薬,
333,4507,製薬,
334,4516,製薬,
335,4519,製薬,
336,4521,小型医薬品,
337,4523,製薬,
338,4527,小型医薬品,
339,4528,製薬,
340,4530,小型医薬品,
341,4534,中堅製薬,
342,4536,製薬,
343,4540,小型医薬品,
344,4543,ヘルスケア,
345,4544,医薬品卸,
346,4547,中堅製薬,
347,4548,中堅製薬,
348,4549,小型医薬品,
349,4551,製薬,
350,4552,小型医薬品,
351,4553,中堅製薬,
352,4559,小型医薬品,
353,4565,製薬,
354,4568,製薬,
355,4569,中堅製薬,
356,4574,製薬,
357,4577,中堅製薬,
358,4578,製薬,
359,4587,ペプチドリーム,
360,4612,塗料・酸素,
361,4613,塗料・酸素,
362,4617,専門商社,
363,4626,油脂・ポリマー,
364,4631,中堅化学,
365,4633,中堅化学,
366,4634,中堅化学,
367,4641,土木・道路,
368,4661,首都圏私鉄,
369,4665,ダスキン,
370,4666,その他レジャー,
371,4668,外食2・学習塾,
372,4676,メディア,
373,4680,その他レジャー,
374,4681,国内観光,
375,4684,ITサービス,
376,4686,ITソリューション,
377,4689,人材・web,
378,4694,小型医薬品,
379,4704,ソフトウェア,
380,4714,外食2・学習塾,
381,4716,ソフトウェア,
382,4722,ITソリューション,
383,4726,ITソリューション,
384,4732,遊戯機器,
385,4733,ITサービス,
386,4743,SIer,
387,4751,ゲーム,
388,4755,印刷・広告,
389,4768,ITサービス,
390,4776,ITサービス,
391,4812,ソフトウェア,
392,4813,リース・ローン,
393,4819,ITサービス,
394,4825,その他サービス,
395,4839,ＷＯＷＯＷ,
396,4848,人材・web,
397,4849,ITソリューション,
398,4887,中堅製薬,
399,4901,OA機器・時計,
400,4902,OA機器・時計,
401,4911,衛生,
402,4912,衛生,
403,4917,衛生,
404,4919,衛生,
405,4921,衛生,
406,4922,衛生,
407,4927,衛生,
408,4928,衛生,
409,4958,長谷川香料,
410,4967,衛生,
411,4971,半導体1,
412,4974,製薬,
413,4975,油脂・ポリマー,
414,4980,ガラス・電気,
415,4985,食品2,
416,4996,クミアイ化学工業,
417,4997,日本農薬,
418,5019,石油,
419,5020,石油,
420,5021,石油,
421,5076,ゼネコン,
422,5101,自動車部品（ゴム）,
423,5105,自動車部品（ゴム）,
424,5108,自動車部品（ゴム）,
425,5110,自動車部品（ゴム）,
426,5122,オカモト,
427,5186,ニッタ,
428,5191,自動車部品2,
429,5192,三ツ星ベルト,
430,5201,ガラス・電気,
431,5202,ガラス・電気,
432,5208,自動車部品1,
433,5214,ガラス・電気,
434,5232,樹脂・セメント,
435,5233,樹脂・セメント,
436,5301,総合化学,
437,5302,総合化学,
438,5310,東洋炭素,
439,5331,特殊産業機器,
440,5332,住宅,
441,5333,樹脂等,
442,5334,機械部品2,
443,5344,電子部品,
444,5352,金属製品,
445,5384,産業機械1,
446,5393,ニチアス,
447,5401,鉄鋼,
448,5406,鉄鋼,
449,5408,非鉄金属,
450,5410,金属製品,
451,5411,鉄鋼,
452,5423,鉄鋼,
453,5440,金属製品,
454,5444,金属製品,
455,5451,専門商社,
456,5463,丸一鋼管,
457,5471,鉄鋼,
458,5480,鉄鋼,
459,5481,鉄鋼,
460,5482,金属製品,
461,5541,非鉄金属,
462,5563,金属製品,
463,5631,ガラス・電気,
464,5702,非鉄金属,
465,5703,非鉄金属,
466,5706,非鉄金属,
467,5707,非鉄金属,
468,5711,非鉄金属,
469,5713,非鉄金属,
470,5714,非鉄金属,
471,5715,古河機械金属,
472,5726,非鉄金属,
473,5727,非鉄金属,
474,5741,金属製品,
475,5801,ガラス・電気,
476,5802,ガラス・電気,
477,5803,ガラス・電気,
478,5805,ＳＷＣＣ,
479,5809,タツタ電線,
480,5830,地銀,
481,5831,地銀,
482,5832,地銀,
483,5844,地銀,
484,5851,機械部品2,
485,5857,ＡＲＥホールディングス,
486,5901,樹脂等,
487,5911,土木・道路,
488,5929,住宅,
489,5930,中堅ゼネコン・設計,
490,5932,三協立山,
491,5938,住宅,
492,5943,住宅,
493,5947,住宅,
494,5949,機械部品2,
495,5959,岡部,
496,5970,自動車部品2,
497,5975,トヨタ系他,
498,5988,自動車部品（ゴム）,
499,5991,機械部品2,
500,6005,塗料・酸素,
501,6013,インフラ整備,
502,6028,外食2・学習塾,
503,6035,ITサービス,
504,6036,ロードサイド,
505,6050,ITソリューション,
506,6055,半導体1,
507,6058,ITソリューション,
508,6080,ITソリューション,
509,6088,ITソリューション,
510,6095,ITサービス,
511,6098,SIer2,
512,6099,エラン,
513,6101,産業機械1,
514,6103,工作機械,
515,6104,工作機械,
516,6113,工作機械,
517,6118,特殊産業機器,
518,6134,センサー・産機,
519,6135,工作機械,
520,6136,機械部品1,
521,6140,特殊産業機器,
522,6141,工作機械,
523,6143,工作機械,
524,6146,半導体1,
525,6178,都銀・保険,
526,6183,ベルシステム２４ホールディングス,
527,6184,鎌倉新書,
528,6191,エアトリ,
529,6194,アトラエ,
530,6196,ストライク,
531,6197,ソラスト,
532,6200,インソース,
533,6201,トヨタ系他,
534,6222,特殊産業機器,
535,6238,ロードサイド,
536,6240,ヤマシンフィルタ,
537,6250,自動車部品1,
538,6254,半導体1,
539,6258,電子部品,
540,6266,半導体1,
541,6268,産業機械1,
542,6269,三井系,
543,6272,特殊産業機器,
544,6273,産業機械1,
545,6277,特殊産業機器,
546,6278,特殊産業機器,
547,6282,オイレス工業,
548,6284,特殊産業機器,
549,6287,サトーホールディングス,
550,6289,土木・道路,
551,6301,重機・重工,
552,6302,重機・重工,
553,6305,重機・重工,
554,6310,重機・重工,
555,6315,半導体1,
556,6323,半導体1,
557,6326,重機・重工,
558,6330,三井系,
559,6340,澁谷工業,
560,6349,特殊産業機器,
561,6361,機械部品1,
562,6366,重機・重工,
563,6367,センサー・産機,
564,6368,オルガノ,
565,6369,トーヨーカネツ,
566,6370,塗料・酸素,
567,6371,自動車部品1,
568,6376,日機装,
569,6383,センサー・産機,
570,6390,自動車部品1,
571,6395,重機・重工,
572,6406,フジテック,
573,6407,産業機械1,
574,6412,遊戯機器,
575,6413,専門商社,
576,6417,遊戯機器,
577,6418,遊戯機器,
578,6419,遊戯機器,
579,6420,中堅ゼネコン・設計,
580,6430,遊戯機器,
581,6432,重機・重工,
582,6436,住宅,
583,6440,工作機械,
584,6444,自動車,
585,6448,OA機器・時計,
586,6454,マックス,
587,6457,グローリー,
588,6458,新晃工業,
589,6460,遊戯機器,
590,6463,自動車部品（ゴム）,
591,6464,機械部品1,
592,6465,住宅,
593,6471,機械部品1,
594,6472,機械部品1,
595,6473,機械部品1,
596,6474,機械部品1,
597,6479,電子部品,
598,6480,自動車部品1,
599,6481,産業機械1,
600,6486,自動車部品2,
601,6490,中堅化学,
602,6498,専門商社,
603,6501,重電,
604,6503,重電,
605,6504,ガラス・電気,
606,6506,産業機械1,
607,6507,シンフォニアテクノロジー,
608,6508,重電,
609,6516,電源,
610,6532,ベイカレント・コンサルティング,
611,6584,自動車,
612,6586,センサー・産機,
613,6588,OA機器・時計,
614,6590,半導体1,
615,6592,自動車部品（ゴム）,
616,6594,センサー・産機,
617,6616,トレックス・セミコンダクター,
618,6619,ヘルスケア,
619,6622,電源,
620,6630,衛生,
621,6632,ガラス・電気,
622,6644,大崎電気工業,
623,6645,産業機械1,
624,6651,日東工業,
625,6652,ＩＤＥＣ,
626,6674,ガラス・電気,
627,6676,OA機器・時計,
628,6701,証券,
629,6702,PC・ソシャゲ,
630,6703,OA機器・時計,
631,6707,機械部品1,
632,6723,半導体1,
633,6724,OA機器・時計,
634,6727,センサー・産機,
635,6728,半導体1,
636,6737,ＥＩＺＯ,
637,6740,OA機器・時計,
638,6741,日本信号,
639,6744,中堅ゼネコン・設計,
640,6750,食品2,
641,6752,機械部品2,
642,6753,OA機器・時計,
643,6754,電子部品,
644,6755,住宅,
645,6758,センサー・産機,
646,6762,電子部品,
647,6768,自動車部品1,
648,6770,電子部品,
649,6779,日本電波工業,
650,6787,半導体1,
651,6789,特殊産業機器,
652,6794,機械部品2,
653,6800,自動車部品1,
654,6804,自動車部品1,
655,6806,センサー・産機,
656,6807,電子部品,
657,6810,マクセル,
658,6814,古野電気,
659,6817,自動車部品1,
660,6841,樹脂等,
661,6844,自動車部品1,
662,6845,センサー・産機,
663,6849,食品1,
664,6856,産業機械1,
665,6857,半導体1,
666,6859,特殊産業機器,
667,6861,センサー・産機,
668,6866,センサー・産機,
669,6869,ヘルスケア,
670,6871,半導体1,
671,6875,PC・ソシャゲ,
672,6877,自動車部品2,
673,6902,トヨタ系他,
674,6905,コーセル,
675,6908,イリソ電子工業,
676,6914,センサー・産機,
677,6920,半導体1,
678,6923,トヨタ系他,
679,6925,樹脂等,
680,6929,日本セラミック,
681,6941,電子部品,
682,6947,EDA・CAD,
683,6951,半導体1,
684,6952,OA機器・時計,
685,6954,産業機械1,
686,6958,自動車部品1,
687,6961,エンプラス,
688,6962,半導体1,
689,6963,電子部品,
690,6965,センサー・産機,
691,6966,半導体1,
692,6967,電子部品,
693,6971,樹脂等,
694,6976,電子部品,
695,6981,電子部品,
696,6986,双葉電子工業,
697,6988,樹脂等,
698,6995,トヨタ系他,
699,6996,樹脂等,
700,6997,樹脂等,
701,6999,ＫＯＡ,
702,7003,重機・重工,
703,7004,重電,
704,7011,重機・重工,
705,7012,重機・重工,
706,7013,重機・重工,
707,7014,海運,
708,7105,商社,
709,7148,リース・ローン,
710,7164,不動産,
711,7167,地銀,
712,7173,地銀,
713,7180,地銀,
714,7181,都銀・保険,
715,7182,都銀・保険,
716,7184,富山第一銀行,
717,7186,地銀,
718,7189,西日本フィナンシャルホールディングス,
719,7201,自動車,
720,7202,自動車,
721,7203,自動車,
722,7205,自動車,
723,7211,自動車,
724,7220,トヨタ系他,
725,7222,自動車,
726,7224,新明和工業,
727,7226,極東開発工業,
728,7231,トピー工業,
729,7238,自動車部品（ゴム）,
730,7239,自動車部品（ゴム）,
731,7240,機械部品2,
732,7241,自動車部品（ゴム）,
733,7242,機械部品2,
734,7244,トヨタ系他,
735,7245,大同メタル工業,
736,7246,自動車部品1,
737,7250,トヨタ系他,
738,7256,自動車部品（ゴム）,
739,7259,トヨタ系他,
740,7261,自動車,
741,7267,自動車,
742,7269,自動車,
743,7270,自動車,
744,7272,自動車,
745,7276,トヨタ系他,
746,7278,トヨタ系他,
747,7280,自動車,
748,7282,トヨタ系他,
749,7283,トヨタ系他,
750,7294,自動車部品2,
751,7296,トヨタ系他,
752,7309,塗料・酸素,
753,7313,自動車部品（ゴム）,
754,7337,地銀,
755,7408,繊維,
756,7419,家電量販店,
757,7421,外食2・学習塾,
758,7433,伯東,
759,7451,食品2,
760,7453,小売,
761,7456,松田産業,
762,7458,遊戯機器,
763,7459,医薬品卸,
764,7476,衛生,
765,7483,ドウシシャ,
766,7508,スーパー,
767,7516,ホームセンター,
768,7518,ソフトウェア,
769,7522,外食2・学習塾,
770,7532,ドラッグストア,
771,7545,小売,
772,7550,外食1,
773,7552,中堅ゼネコン・設計,
774,7554,外食2・学習塾,
775,7575,医薬品卸,
776,7581,外食1,
777,7593,ロードサイド,
778,7595,EDA・CAD,
779,7599,繊維,
780,7600,塗料・酸素,
781,7606,アパレル2,
782,7611,外食1,
783,7613,樹脂等,
784,7616,外食1,
785,7630,外食1,
786,7649,ドラッグストア,
787,7701,センサー・産機,
788,7715,長野計器,
789,7717,半導体1,
790,7718,工作機械,
791,7725,半導体1,
792,7729,半導体1,
793,7730,マニー,
794,7731,OA機器・時計,
795,7732,機械部品1,
796,7733,ヘルスケア,
797,7734,理研計器,
798,7735,半導体1,
799,7739,OA機器・時計,
800,7740,OA機器・時計,
801,7741,センサー・産機,
802,7744,ノーリツ鋼機,
803,7745,Ａ＆Ｄホロンホールディングス,
804,7747,衛生,
805,7751,OA機器・時計,
806,7752,OA機器・時計,
807,7762,OA機器・時計,
808,7780,メニコン,
809,7817,医薬品卸,
810,7820,土木・道路,
811,7821,土木・道路,
812,7832,遊戯機器,
813,7839,土木・道路,
814,7844,PC・ソシャゲ,
815,7846,パイロットコーポレーション,
816,7860,印刷・広告,
817,7864,食品2,
818,7867,タカラトミー,
819,7874,食品運搬・販売,
820,7911,印刷・広告,
821,7912,印刷・広告,
822,7915,ＮＩＳＳＨＡ,
823,7917,藤森工業,
824,7921,その他サービス,
825,7936,スポーツ用品,
826,7942,ＪＳＰ,
827,7943,ニチハ,
828,7947,食品2,
829,7951,印刷・広告,
830,7956,衛生,
831,7965,象印マホービン,
832,7966,油脂・ポリマー,
833,7970,信越ポリマー,
834,7972,イトーキ,
835,7974,証券,
836,7976,文具,
837,7981,タカラスタンダード,
838,7984,文具,
839,7988,トヨタ系他,
840,7990,ロードサイド,
841,7994,オカムラ,
842,7995,中堅化学,
843,8001,商社,
844,8002,商社,
845,8005,小売2,
846,8008,食品運搬・販売,
847,8012,専門商社,
848,8015,商社,
849,8016,アパレル1,
850,8020,商社,
851,8022,スポーツ用品,
852,8031,三井系,
853,8035,半導体1,
854,8050,OA機器・時計,
855,8051,専門商社2,
856,8053,金属製品,
857,8056,ソフトウェア,
858,8057,ロードサイド,
859,8058,商社,
860,8060,キヤノンマーケティングジャパン,
861,8074,専門商社,
862,8078,金属製品,
863,8079,食品運搬・販売,
864,8086,中堅製薬,
865,8088,商社,
866,8097,専門商社,
867,8098,専門商社2,
868,8111,小売,
869,8113,衛生,
870,8114,アパレル1,
871,8125,ワキタ,
872,8129,医薬品卸,
873,8130,サンゲツ,
874,8133,専門商社,
875,8136,エンタメ,
876,8153,外食2・学習塾,
877,8154,加賀電子,
878,8155,半導体1,
879,8160,外食2・学習塾,
880,8167,リテールパートナーズ,
881,8173,ロードサイド,
882,8174,ガス,
883,8179,外食1,
884,8185,ロードサイド,
885,8194,スーパー,
886,8200,外食1,
887,8214,アパレル2,
888,8218,ホームセンター,
889,8219,アパレル2,
890,8227,小売,
891,8233,百貨店,
892,8237,百貨店,
893,8242,百貨店,
894,8252,百貨店,
895,8253,リース・ローン,
896,8267,コンビニ,
897,8273,スーパー,
898,8276,スーパー,
899,8278,コンビニ,
900,8279,スーパー,
901,8281,ロードサイド,
902,8282,家電量販店,
903,8283,小売,
904,8304,都銀・保険,
905,8306,都銀・保険,
906,8308,都銀・保険,
907,8309,都銀・保険,
908,8316,都銀・保険,
909,8331,地銀,
910,8334,地銀,
911,8336,地銀,
912,8337,地銀,
913,8341,地銀,
914,8346,地銀,
915,8354,地銀,
916,8358,地銀,
917,8359,地銀,
918,8361,地銀,
919,8366,地銀,
920,8367,地銀,
921,8368,地銀,
922,8370,地銀,
923,8377,地銀,
924,8381,地銀,
925,8386,地銀,
926,8388,地銀,
927,8392,地銀,
928,8399,地銀,
929,8410,都銀・保険,
930,8411,都銀・保険,
931,8418,地銀,
932,8424,リース・ローン,
933,8425,リース・ローン,
934,8439,リース・ローン,
935,8473,証券,
936,8511,証券,
937,8515,リース・ローン,
938,8522,地銀,
939,8524,地銀,
940,8544,地銀,
941,8558,地銀,
942,8566,リース・ローン,
943,8570,リース・ローン,
944,8572,リース・ローン,
945,8584,リース・ローン,
946,8585,リース・ローン,
947,8591,リース・ローン,
948,8593,リース・ローン,
949,8595,証券,
950,8600,地銀,
951,8601,証券,
952,8604,証券,
953,8609,証券,
954,8613,証券,
955,8616,証券,
956,8624,証券,
957,8628,証券,
958,8630,都銀・保険,
959,8697,証券,
960,8698,証券,
961,8706,証券,
962,8707,証券,
963,8713,地銀,
964,8714,地銀,
965,8715,食品1,
966,8725,都銀・保険,
967,8739,証券,
968,8750,都銀・保険,
969,8766,都銀・保険,
970,8771,衛生,
971,8795,都銀・保険,
972,8801,不動産,
973,8802,不動産,
974,8803,不動産,
975,8804,不動産,
976,8818,不動産,
977,8830,不動産,
978,8848,不動産,
979,8850,住宅,
980,8871,住宅,
981,8876,不動産,
982,8892,日本エスコン,
983,8897,住宅,
984,8905,不動産,
985,8920,その他レジャー,
986,8923,不動産,
987,8934,不動産,
988,9001,首都圏私鉄,
989,9003,地方私鉄,
990,9005,首都圏私鉄,
991,9006,地方私鉄,
992,9007,首都圏私鉄,
993,9008,首都圏私鉄,
994,9009,首都圏私鉄,
995,9010,地方私鉄,
996,9020,旅客・海外観光,
997,9021,旅客・海外観光,
998,9022,旅客・海外観光,
999,9024,首都圏私鉄,
1000,9025,物流,
1001,9031,地方私鉄,
1002,9037,物流,
1003,9039,食品運搬・販売,
1004,9041,地方私鉄,
1005,9042,エンタメ,
1006,9044,エンタメ,
1007,9045,地方私鉄,
1008,9048,地方私鉄,
1009,9058,食品運搬・販売,
1010,9064,物流,
1011,9065,物流,
1012,9069,物流,
1013,9072,物流,
1014,9075,物流,
1015,9076,物流,
1016,9090,食品2,
1017,9101,海運,
1018,9104,海運,
1019,9107,海運,
1020,9110,海運,
1021,9119,物流,
1022,9142,九州旅客鉄道,
1023,9147,エンタメ,
1024,9201,旅客・海外観光,
1025,9202,旅客・海外観光,
1026,9301,物流,
1027,9302,物流,
1028,9303,物流,
1029,9308,食品運搬・販売,
1030,9364,物流,
1031,9401,メディア,
1032,9404,メディア,
1033,9409,メディア,
1034,9412,メディア,
1035,9413,メディア,
1036,9416,ビジョン,
1037,9418,Ｕ−ＮＥＸＴ　ＨＯＬＤＩＮＧＳ,
1038,9424,ITソリューション,
1039,9432,電話,
1040,9433,電話,
1041,9435,SIer2,
1042,9449,ITサービス,
1043,9468,ソフトウェア,
1044,9470,その他サービス,
1045,9474,土木・道路,
1046,9501,電力,
1047,9502,電力,
1048,9503,電力,
1049,9504,電力,
1050,9505,電力,
1051,9506,電力,
1052,9507,電力,
1053,9508,電力,
1054,9509,電力,
1055,9511,電力,
1056,9513,電力,
1057,9517,イーレックス,
1058,9531,ガス,
1059,9532,ガス,
1060,9533,ガス,
1061,9543,ガス,
1062,9551,インフラ整備,
1063,9601,エンタメ,
1064,9602,地方私鉄,
1065,9603,旅客・海外観光,
1066,9605,エンタメ,
1067,9613,ソフトウェア,
1068,9616,国内観光,
1069,9627,調剤薬局,
1070,9663,食品運搬・販売,
1071,9672,ロードサイド,
1072,9678,中堅ゼネコン・設計,
1073,9682,SIer2,
1074,9684,ゲーム,
1075,9692,ソフトウェア,
1076,9697,ゲーム,
1077,9699,中堅ゼネコン・設計,
1078,9706,旅客・海外観光,
1079,9715,SIer,
1080,9716,不動産,
1081,9719,ソフトウェア,
1082,9722,その他レジャー,
1083,9726,国内観光,
1084,9735,ヘルスケア,
1085,9740,その他サービス,
1086,9742,SIer,
1087,9743,中堅ゼネコン・設計,
1088,9744,メイテックグループホールディングス,
1089,9746,ＴＫＣ,
1090,9749,SIer,
1091,9755,ゼネコン,
1092,9757,医薬品卸,
1093,9759,SIer2,
1094,9766,ヘルスケア,
1095,9787,イオンディライト,
1096,9790,EDA・CAD,
1097,9793,ダイセキ,
1098,9830,中堅ゼネコン・設計,
1099,9831,家電量販店,
1100,9832,ロードサイド,
1101,9842,ホームセンター,
1102,9843,小売,
1103,9861,外食1,
1104,9869,食品2,
1105,9882,ロードサイド,
1106,9889,SIer,
1107,9900,外食2・学習塾,
1108,9928,ITソリューション,
1109,9934,因幡電機産業,
1110,9936,外食2・学習塾,
1111,9946,コンビニ,
1112,9948,スーパー,
1113,9956,スーパー,
1114,9962,センサー・産機,
1115,9974,食品2,
1116,9983,ヘルスケア,
1117,9984,樹脂等,
1118,9987,医薬品卸,
1119,9989,ドラッグストア,
1120,9990,小売2,
1121,9997,ロードサイド,
76,1435,ＴＡＴＥＲＵ,
556,2389,オプトホールディング,
2378,6458,新晃工業,
394,2060,フィード・ワン,
1479,4249,森六ホールディングス,
2224,6184,鎌倉新書,
3335,8125,ワキタ,
557,2461,ファンコミュニケーションズ,
893,3139,ラクト・ジャパン,
1216,3687,フィックスターズ,
2153,5970,ジーテクト,
806,2930,北の達人コーポレーション,
1227,3678,メディアドゥ,
1239,3694,オプティム,
1428,4025,多木化学,
1545,4246,ダイキョーニシカワ,
2378,6240,ヤマシンフィルタ,
2724,6814,古野電気,
3672,8739,スパークス・グループ,
1245,3681,ブイキューブ,
1313,3836,アバントグループ,
1345,3902,メディカル・データ・ビジョン,
1346,3903,ｇｕｍｉ,
1367,3926,オープンドア,
1373,3932,アカツキ,
2321,6035,アイ・アールジャパンホールディングス,
2364,6095,メドピア,
2367,6099,エラン,
2421,6194,アトラエ,
2686,6616,トレックス・セミコンダクター,
2873,6962,大真空,
3020,7198,アルヒ,
481,2124,ジェイエイシーリクルートメント,
490,2146,ＵＴグループ,
495,2154,オープンアップグループ,
497,2157,コシダカホールディングス,
534,2222,寿スピリッツ,
577,2296,伊藤ハム米久ホールディングス,
598,2337,いちご,
655,2471,エスプール,
722,2587,サントリー食品インターナショナル,
810,2752,フジオフードグループ本社,
817,2767,円谷フィールズホールディングス,
967,3038,神戸物産,
973,3046,ジンズホールディングス,
1021,3132,マクニカホールディングス,
1059,3186,ネクステージ,
1063,3191,ジョイフル本田,
1068,3197,すかいらーくホールディングス,
1076,3222,ユナイテッド・スーパーマーケット・ホールディングス,
1111,3288,オープンハウスグループ,
1190,3445,ＲＳ　Ｔｅｃｈｎｏｌｏｇｉｅｓ,
1206,3465,ケイアイスター不動産,
1247,3539,ＪＭホールディングス,
1251,3543,コメダホールディングス,
1256,3549,クスリのアオキホールディングス,
1267,3563,ＦＯＯＤ　＆　ＬＩＦＥ　ＣＯＭＰＡＮＩＥＳ,
1328,3679,じげん,
1342,3697,ＳＨＩＦＴ,
1362,3765,ガンホー・オンライン・エンターテイメント,
1427,3901,マークラインズ,
1447,3923,ラクス,
1478,3962,チェンジホールディングス,
1488,3978,マクロミル,
1502,3994,マネーフォワード,
1603,4189,ＫＨネオケム,
1702,4368,扶桑化学工業,
1703,4369,トリケミカル研究所,
1832,4552,ＪＣＲファーマ,
1856,4587,ペプチドリーム,
1912,4686,ジャストシステム,
1943,4755,楽天グループ,
1970,4819,デジタルガレージ,
1985,4849,エン・ジャパン,
2046,4980,デクセリアルズ,
2279,5702,大紀アルミニウム工業所,
2414,6028,テクノプロ・ホールディングス,
2421,6036,ＫｅｅＰｅｒ技研,
2449,6080,Ｍ＆Ａキャピタルパートナーズ,
2456,6088,シグマクシス・ホールディングス,
2465,6098,リクルートホールディングス,
2474,6134,ＦＵＪＩ,
2505,6178,日本郵政,
2509,6183,ベルシステム２４ホールディングス,
2515,6191,エアトリ,
2519,6196,ストライク,
2520,6197,ソラスト,
2523,6200,インソース,
2542,6235,オプトラン,
2545,6238,フリュー,
2554,6254,野村マイクロ・サイエンス,
2557,6258,平田機工,
2561,6266,タツモ,
2575,6289,技研製作所,
2595,6323,ローツェ,
2669,6432,竹内製作所,
2683,6464,ツバキ・ナカシマ,
2728,6532,ベイカレント・コンサルティング,
2737,6544,ジャパンエレベーターサービスホールディングス,
2845,6740,ジャパンディスプレイ,
2873,6787,メイコー,
2885,6810,マクセル,
2920,6871,日本マイクロニクス,
2937,6908,イリソ電子工業,
2949,6929,日本セラミック,
2994,7014,名村造船所,
3094,7167,めぶきフィナンシャルグループ,
3097,7173,東京きらぼしフィナンシャルグループ,
3102,7181,かんぽ生命保険,
3103,7182,ゆうちょ銀行,
3105,7184,富山第一銀行,
3109,7189,西日本フィナンシャルホールディングス,
3114,7199,プレミアグループ,
3237,7419,ノジマ,
3259,7458,第一興商,
3322,7575,日本ライフライン,
3327,7593,ＶＴホールディングス,
3432,7780,メニコン,
3543,7965,象印マホービン,
3672,8167,リテールパートナーズ,
3746,8370,紀陽銀行,
3843,8850,スターツコーポレーション,
3856,8892,日本エスコン,
3867,8919,カチタス,
3922,9024,西武ホールディングス,
3931,9039,サカイ引越センター,
3964,9090,ＡＺ−ＣＯＭ丸和ホールディングス,
3974,9142,九州旅客鉄道,
3975,9143,ＳＧホールディングス,
4047,9267,Ｇｅｎｋｙ　ＤｒｕｇＳｔｏｒｅｓ,
4128,9416,ビジョン,
4130,9418,Ｕ−ＮＥＸＴ　ＨＯＬＤＩＮＧＳ,
4134,9424,日本通信,
4172,9517,イーレックス,
4173,9519,レノバ,
4184,9551,メタウォーター,
4226,9663,ナガワ,
4241,9699,ニシオホールディングス,
4346,9936,王将フードサービス,
